{"cameraMode":{"drawMode":0,"name":"Shaded","section":"Shading Mode"},"sceneLighting":true,"audioPlay":false,"sceneViewState":{"showFog":true,"showMaterialUpdate":false,"showSkybox":true,"showFlares":true,"showImageEffects":true,"showParticleSystems":true},"in2DMode":false,"pivot":{"x":-0.8446574211120606,"y":2.994662284851074,"z":1.1294646263122559},"rotation":{"x":-0.10999990999698639,"y":0.8878840804100037,"z":-0.3467393219470978,"w":-0.281674861907959},"size":15.92143726348877,"orthographic":false}