{"cameraMode":{"drawMode":0,"name":"Shaded","section":"Shading Mode"},"sceneLighting":true,"audioPlay":false,"sceneViewState":{"showFog":true,"showMaterialUpdate":false,"showSkybox":true,"showFlares":true,"showImageEffects":true,"showParticleSystems":true},"in2DMode":false,"pivot":{"x":19.325117111206056,"y":1.3715054988861085,"z":10.648579597473145},"rotation":{"x":-0.13328106701374055,"y":0.6059357523918152,"z":-0.10390183329582215,"w":-0.7773714065551758},"size":7.944716930389404,"orthographic":false}