{"cameraMode":{"drawMode":0,"name":"Shaded","section":"Shading Mode"},"sceneLighting":false,"audioPlay":false,"sceneViewState":{"showFog":true,"showMaterialUpdate":false,"showSkybox":false,"showFlares":true,"showImageEffects":true,"showParticleSystems":true},"in2DMode":false,"pivot":{"x":-251.564208984375,"y":-134.396240234375,"z":9.561716079711914},"rotation":{"x":-0.4510995149612427,"y":-0.508346676826477,"z":0.3581600487232208,"w":-0.6401922702789307},"size":3.67105770111084,"orthographic":false}