{"cameraMode":{"drawMode":0,"name":"Shaded","section":"Shading Mode"},"sceneLighting":true,"audioPlay":false,"sceneViewState":{"showFog":true,"showMaterialUpdate":false,"showSkybox":true,"showFlares":true,"showImageEffects":true,"showParticleSystems":true},"in2DMode":false,"pivot":{"x":24.57587432861328,"y":11.857712745666504,"z":53.97107696533203},"rotation":{"x":-0.013188973069190979,"y":-0.030009279027581216,"z":-0.00034467055229470134,"w":0.9995051026344299},"size":4.313119888305664,"orthographic":false}