{"cameraMode":{"drawMode":0,"name":"Shaded","section":"Shading Mode"},"sceneLighting":false,"audioPlay":false,"sceneViewState":{"showFog":true,"showMaterialUpdate":false,"showSkybox":false,"showFlares":true,"showImageEffects":true,"showParticleSystems":true},"in2DMode":false,"pivot":{"x":-251.68258666992188,"y":-134.3306427001953,"z":8.883362770080567},"rotation":{"x":-0.16136309504508973,"y":-0.8073164224624634,"z":0.5059225559234619,"w":-0.2574427127838135},"size":2.7710578441619875,"orthographic":false}