{"cameraMode":{"drawMode":0,"name":"Shaded","section":"Shading Mode"},"sceneLighting":true,"audioPlay":false,"sceneViewState":{"showFog":true,"showMaterialUpdate":false,"showSkybox":true,"showFlares":true,"showImageEffects":true,"showParticleSystems":true},"in2DMode":false,"pivot":{"x":10.075632095336914,"y":9.164490699768067,"z":7.945763111114502},"rotation":{"x":-0.444630891084671,"y":0.4962238073348999,"z":-0.33000853657722475,"w":-0.6687313914299011},"size":4.0166096687316898,"orthographic":false}