{"cameraMode":{"drawMode":0,"name":"Shaded","section":"Shading Mode"},"sceneLighting":false,"audioPlay":false,"sceneViewState":{"showFog":true,"showMaterialUpdate":false,"showSkybox":false,"showFlares":true,"showImageEffects":true,"showParticleSystems":true},"in2DMode":false,"pivot":{"x":0.9652294516563416,"y":-0.12876278162002564,"z":-0.5837056040763855},"rotation":{"x":-0.14301002025604249,"y":0.6794233918190002,"z":-0.13764142990112306,"w":-0.7064385414123535},"size":1.5633771419525147,"orthographic":false}