{"cameraMode":{"drawMode":0,"name":"Shaded","section":"Shading Mode"},"sceneLighting":true,"audioPlay":false,"sceneViewState":{"showFog":true,"showMaterialUpdate":false,"showSkybox":true,"showFlares":true,"showImageEffects":true,"showParticleSystems":true},"in2DMode":false,"pivot":{"x":17.294960021972658,"y":100.27835083007813,"z":15.92105484008789},"rotation":{"x":0.6528124213218689,"y":0.1497836858034134,"z":-0.133742094039917,"w":0.7304577231407166},"size":8.260619163513184,"orthographic":false}