{"cameraMode":{"drawMode":0,"name":"Shaded","section":"Shading Mode"},"sceneLighting":false,"audioPlay":false,"sceneViewState":{"showFog":true,"showMaterialUpdate":false,"showSkybox":false,"showFlares":true,"showImageEffects":true,"showParticleSystems":true},"in2DMode":false,"pivot":{"x":21.964000701904298,"y":1.8938789367675782,"z":11.023603439331055},"rotation":{"x":-0.444630891084671,"y":0.4962238073348999,"z":-0.33000853657722475,"w":-0.6687313914299011},"size":1.4289418458938599,"orthographic":false}